<?xml version="1.0" encoding="utf-8"?>

<ec xmlns:xs="http://www.w3.org/2001/XMLSchema-instance" 
xs:noNamespaceSchemaLocation="ec.xsd">

<consumerno>1001</consumerno>
<consumername>Seema Joshi</consumername>
<emailid>Seemajoshi@gmail.com</emailid>   
<unitsconsumed>250</unitsconsumed>

<consumerno>1002</consumerno>
<consumername>Amey Joshi</consumername>
<emailid>Amey.j@cg.com</emailid>   
<unitsconsumed>345</unitsconsumed>


<consumerno>1003</consumerno>
<consumername>pravin</consumername>
<emailid>pravin.t@cg.com</emailid>   
<unitsconsumed>457</unitsconsumed>


<consumerno>1004</consumerno>
<consumername>manoj kulkarni</consumername>
<emailid>manoj@gmail.com</emailid>   
<unitsconsumed>780</unitsconsumed>


<consumerno>1005</consumerno>
<consumername>shrikant shinde</consumername>
<emailid>shrikant.shinde@gmail.com</emailid>   
<unitsconsumed>90</unitsconsumed>

<consumerno>1006</consumerno>
<consumername>mahesh b</consumername>
<emailid>bmahesh@yahoo.com</emailid>   
<unitsconsumed>720</unitsconsumed>

</ec>